qid,query,ground_truth_preference,ground_truth_ratio,teacher_output
104861,cost of interior concrete flooring,PRF-Benefit,0.7125,"### Analysis

#### User Intent:
The user is looking for the cost of interior concrete flooring. This is a specific factoid query where the user wants to know the price range for installing interior concrete flooring.

#### Result Quality:
- **Doc 1:** Provides a general cost range for interior building finishes, including flooring ($5-$10 per square foot).
- **Doc 2:** Discusses the cost of concrete per yard for both interior and exterior use, which is not directly relevant to the cost of finished flooring.
- **Doc 3:** Talks about the cost of interior doors, which is completely irrelevant to the query.
- **Doc 4:** Provides a cost range for commercial concrete floors ($50-$100 per square foot), which is higher than typical residential costs.
- **Doc 5:** Offers a more detailed breakdown of the cost of flooring materials and labor, which is relevant but still somewhat broad.

#### Check for ""Poison Pills"":
- **Doc 2:** Discusses the cost of concrete per yard, which could be misleading if the user is looking for the cost of finished flooring.
- **Doc 3:** Completely irrelevant and could introduce noise if included in PRF.

#### Check for Saturation:
- The top results do not provide a consistent and precise answer to the user's query. The cost ranges vary significantly, and some documents are not relevant at all.

#### Check for Drift:
- The results are mixed, with some documents providing relevant information and others being off-topic. This indicates a potential for drift if PRF is applied.

#### Identify Opportunity:
- The results are relevant but incomplete. PRF could help extract more specific terms related to the cost of interior concrete flooring, such as ""residential,"" ""installation,"" ""finishing,"" and ""polishing."" This could improve the recall and provide a more accurate cost range.

### Decision:
**YES**

### Explanation:
- **User Intent:** The user is looking for a specific cost range for interior concrete flooring.
- **Result Quality:** The top results are mixed, with some providing relevant information and others being off-topic.
- **PRF Forecast:** PRF could help extract more specific and relevant terms, improving the recall and providing a more accurate cost range. This would help the user get a clearer understanding of the cost of interior concrete flooring."
130510,definition declaratory judgment,PRF-Benefit,0.7142857142857143,"### Analysis

#### User Intent:
The user is looking for a **definition** of a ""declaratory judgment."" They want a clear and concise explanation of what a declaratory judgment is, including its purpose and key characteristics.

#### Result Quality:
- **Relevance:** The top results are all highly relevant and provide definitions of a declaratory judgment.
- **Coverage:** The documents consistently describe a declaratory judgment as a court ruling that clarifies the rights, duties, or obligations of the parties involved without ordering any specific action or awarding damages.
- **False Matches:** There are no false matches or irrelevant documents in the top results.
- **Saturation:** The top results are comprehensive and provide a clear definition. They cover the essential aspects of a declaratory judgment, including its nature as a legal determination and its role in resolving legal uncertainty.

#### PRF Forecast:
- **Opportunity for Improvement:** The top results are already very precise and cover the user's intent well. There is little room for adding new, useful vocabulary that would significantly enhance the query.
- **Risk of Hallucination:** Applying PRF in this scenario could introduce unnecessary or redundant terms, potentially diluting the clarity of the query.
- **Risk of Drift:** Since the top results are consistent and relevant, PRF is unlikely to add noise or cause drift.

#### Decision:
**NO**

### Explanation:
The top results are already highly relevant and provide a comprehensive definition of a declaratory judgment. The user's intent is fully satisfied by the current results. Applying PRF in this case would be unnecessary and could potentially introduce redundant or irrelevant terms, which would not improve the quality of the search. Therefore, it is best to avoid PRF in this scenario."
131843,definition of a sigmet,PRF-Benefit,0.9615384615384616,"### Analysis

#### User Intent:
The user is looking for a specific definition of the aviation term ""SIGMET.""

#### Result Quality:
- **Relevance:** The top four documents (1-4) are highly relevant and provide consistent definitions of SIGMET as an aviation weather advisory. They mention key aspects such as hazardous weather conditions, safety of all aircraft, and the two types of SIGMETs (convective and non-convective).
- **Coverage:** The top results cover the entire intent of the query. They provide a clear and detailed definition of what a SIGMET is and its purpose.
- **False Matches:** Document 5 is a medical false match, defining ""sigmoid"" instead of ""SIGMET."" However, it is ranked lower (5th) and does not significantly impact the overall relevance of the top results.

#### PRF Forecast:
- **Saturation:** The top results already provide a comprehensive and accurate definition of SIGMET. The user's need is fully satisfied.
- **Risk of Hallucination:** Applying PRF in this scenario could introduce unnecessary or irrelevant terms, such as those related to the medical definition of ""sigmoid,"" which could dilute the focus on the aviation context.
- **Opportunity for Improvement:** There is no clear opportunity for PRF to add useful vocabulary that would significantly enhance the recall or precision of the results.

### Decision:
**NO**

### Explanation:
The top results are highly relevant and provide a complete and accurate definition of SIGMET. Applying PRF in this case is unnecessary and could introduce noise or irrelevant terms, potentially diluting the focus on the aviation context. Therefore, it is best to avoid PRF in this scenario."
146187,difference between a mcdouble and a double cheeseburger,PRF-Hurt,0.2285714285714285,"### Analysis

#### User Intent:
The user is looking for a detailed comparison between the McDouble and the Double Cheeseburger from McDonald's. They want to know the specific differences in ingredients, taste, and possibly price.

#### Result Quality:
- **Relevance:** The top results are generally relevant and provide a clear comparison between the two burgers.
- **Coverage:** The documents cover the main differences, including the number of cheese slices, the presence of additional toppings, and the overall taste.
- **False Matches:** There are no false matches in the top results. All documents are focused on comparing the McDouble and the Double Cheeseburger.
- **Saturation:** The top results provide a comprehensive comparison, covering the key differences in ingredients and taste. However, some details are repeated across multiple documents, which could indicate redundancy.

#### PRF Forecast:
- **Opportunity:** While the top results are relevant, there is room for improvement in terms of adding more specific details or unique information. For example, PRF could extract terms like ""gristle,"" ""beef quality,"" ""pickles,"" ""onions,"" ""ketchup,"" ""mustard,"" and ""dollar menu"" to enhance the query and potentially retrieve more nuanced comparisons.
- **Risk:** The risk of introducing noise or irrelevant information is low, as the top results are consistent and focused on the topic.

### Decision:
**YES**

**Rationale:**
- The top results are relevant and cover the main differences, but there is an opportunity to add more specific and detailed information through PRF.
- PRF can help extract unique terms and phrases that will refine the query and potentially retrieve more comprehensive and nuanced comparisons, enhancing the user's understanding of the differences between the McDouble and the Double Cheeseburger."
148538,difference between rn and bsn,PRF-Benefit,0.7333333333333333,"### Analysis

#### User Intent:
The user is looking for a clear explanation of the differences between an RN (Registered Nurse) and a BSN (Bachelor of Science in Nursing). This includes understanding the qualifications, roles, and potential career implications of each.

#### Result Quality:
- **Relevance:** The top results are highly relevant and directly address the differences between RN and BSN.
- **Coverage:** The documents provide a comprehensive overview of the differences, including educational requirements, licensing, and career paths.
- **False Matches:** There are no false matches or irrelevant documents in the top results.
- **Consistency:** The information across the top documents is consistent, reinforcing the accuracy of the differences explained.

#### Check for ""Poison Pills"":
- **No Poison Pills:** None of the top documents contain factually incorrect or misleading information. They all correctly differentiate between RN and BSN without any significant errors.

#### Check for Saturation:
- **Saturation:** The top results already provide a detailed and accurate comparison of RN and BSN. The user's query is well-served by the current results, which cover the essential differences comprehensively.

#### Check for Drift:
- **No Drift:** The results are focused and relevant, with no signs of topic drift or mixed content.

#### Identify Opportunity:
- **Opportunity:** While the results are already strong, there is a slight opportunity to enhance the query with more specific terms related to the educational and career aspects of RN and BSN. However, this is minimal and not necessary given the high precision of the current results.

### PRF Forecast:
- **Negative:** Given the high precision and saturation of the current results, applying PRF is unnecessary and could introduce noise or dilute the focus on the specific differences between RN and BSN.

### Decision:
**NO**

The current results are already comprehensive and accurately address the user's query. Applying PRF would not add significant value and could potentially introduce unnecessary complexity or noise."
156493,do goldfish grow,Neutral,0.5277777777777778,"### Analysis

#### User Intent:
The user is seeking factual information about the growth patterns of goldfish, specifically whether goldfish continue to grow throughout their lives or if their growth is limited by environmental factors such as tank size.

#### Result Quality:
- **Relevance:** The top results are highly relevant and provide detailed information about goldfish growth, including the impact of tank size and water quality.
- **Coverage:** The documents cover various aspects of goldfish growth, including the myth that goldfish only grow to the size of their enclosure and the factors that influence their growth rate.
- **False Matches:** No false matches are present in the top results.
- **Saturation:** The top results provide a comprehensive answer to the user's query, covering both the myth and the reality of goldfish growth.

#### PRF Forecast:
- **Opportunity:** The results are already quite comprehensive and cover the main points of interest. PRF might add more specific terms like ""water quality,"" ""genetics,"" and ""living conditions,"" but these are already well-represented in the current results.
- **Risk:** Given the high precision and saturation of the current results, applying PRF could introduce unnecessary complexity or ""hallucinate"" gaps that do not exist. For example, PRF might add terms like ""nutrition"" or ""disease"" which, while related, were not part of the user's original query.

#### Decision:
**NO**

### Explanation:
The top results already provide a thorough and accurate answer to the user's query about goldfish growth. Applying PRF in this case would be unnecessary and could potentially dilute the focus of the search by introducing unrelated or redundant terms. Therefore, it is best to avoid PRF in this scenario."
1037798,who is robert gray,PRF-Benefit,0.9302325581395348,"### Analysis

#### User Intent:
The user is looking for biographical information about a specific individual named Robert Gray. Given the context of the retrieved documents, it appears the user is most likely interested in the historical figure Robert Gray, who was an explorer and captain of the first U.S. ship to circumnavigate the globe.

#### Result Quality:
- **Top-1 and Top-2 Documents:** Both documents are highly relevant and provide detailed information about the historical Robert Gray, including his birth date, death, and significant achievements such as exploring the Columbia River and circumnavigating the globe.
- **Top-3 Document:** This document is about a different Robert Gray, specifically the Democratic candidate for governor of Mississippi in 2015. This introduces ambiguity and potential confusion.
- **Top-4 and Top-5 Documents:** These documents are about other individuals with the surname Gray (John Gray and George Gray), which are not relevant to the query.

#### Check for ""Poison Pills"":
- The top-3 document introduces a different Robert Gray, which could be misleading. However, it does not contain factually incorrect information about the historical Robert Gray.

#### Check for Saturation:
- The top-1 and top-2 documents provide a comprehensive overview of the historical Robert Gray. However, the user might still benefit from additional details or context that could be extracted from other relevant documents.

#### Check for Drift:
- The presence of documents about other individuals with the surname Gray (top-3, top-4, and top-5) indicates some drift in the results. This could lead to further confusion if PRF is applied without careful consideration.

#### Identify Opportunity:
- PRF could help extract additional relevant terms and phrases that are consistent with the historical Robert Gray, such as ""Columbia River"", ""circumnavigate"", ""explorer"", and ""U.S. ship"". This would help reinforce the context and potentially filter out the noise from the other ""Robert Grays"".

### Decision:
**YES**

### Explanation:
While the top-1 and top-2 documents provide a good starting point, the presence of other ""Robert Grays"" in the results suggests that PRF could help refine the query and improve recall. By extracting terms specific to the historical Robert Gray, PRF can enhance the relevance of the search results and reduce the ambiguity introduced by the other individuals with the same name."
1063750,why did the us volunterilay enter ww1,PRF-Hurt,0.2307692307692307,"### Analysis

#### User Intent:
The user is seeking the reasons why the United States voluntarily entered World War I. The query is specific and historical, focusing on the motivations and events that led to the U.S. involvement in WWI.

#### Result Quality:
1. **Document 1:** Discusses general reasons for U.S. entry into wars, including militarism, alliance systems, and imperialism. However, it does not specifically address WWI.
2. **Document 2:** Incorrectly focuses on the U.S. entry into WWII, mentioning the Pearl Harbor attack. This is a significant error and a ""poison pill.""
3. **Document 3:** Provides specific reasons for U.S. entry into WWI, including the sinking of the Lusitania, German U-boat attacks, the Zimmerman Telegram, and the Russian Revolution.
4. **Document 4:** Irrelevant, discussing the Veterans of Foreign Wars (VFW) and its history.
5. **Document 5:** Partially relevant, discussing why the U.S. did not enter the war earlier and the events that pushed the U.S. to join the Allies, but it is not as focused as Document 3.

#### Check for ""Poison Pills"":
- **Document 2** is a critical issue. It discusses WWII instead of WWI, which is a significant factual error. PRF would extract terms like ""Pearl Harbor,"" ""Japan,"" and ""1941,"" contaminating the query and leading to incorrect results.

#### Check for Saturation:
- The top results do not provide a consistent and complete answer to the query. Document 3 is the most relevant, but it is not sufficient on its own to fully satisfy the user's intent.

#### Check for Drift:
- The results are mixed, with one document (Doc 2) being entirely off-topic and another (Doc 4) being irrelevant. This indicates a risk of drift if PRF is applied.

#### Identify Opportunity:
- There is an opportunity to improve recall by extracting additional relevant terms from the more accurate documents (especially Doc 3) to enhance the query. Terms like ""Lusitania,"" ""U-boat,"" ""Zimmerman Telegram,"" and ""Russian Revolution"" could be beneficial.

### PRF Forecast:
- **Negative**: The presence of a ""poison pill"" (Doc 2) makes PRF dangerous. Extracting terms from this document would contaminate the query and lead to incorrect results.

### Decision:
**NO**

Applying PRF in this scenario would introduce significant risks due to the presence of a ""poison pill"" and the mixed relevance of the top results. It is better to refine the initial query or manually exclude the problematic documents to ensure accurate and relevant results."
1103812,who formed the commonwealth of independent states,PRF-Hurt,0.3333333333333333,"### Analysis

#### User Intent:
The user is seeking specific information about the formation of the Commonwealth of Independent States (CIS). They want to know who were the key actors involved in its creation.

#### Result Quality:
- **Relevance:** The top results are highly relevant and provide clear information about the formation of the CIS. They consistently mention Russia, Belarus, and Ukraine as the initial founders.
- **Coverage:** The documents cover the main points of the user's query, including the date (December 8, 1991) and the location (Belovezh Accords).
- **False Matches:** There are no significant false matches or irrelevant documents in the top results.
- **Saturation:** The top results are comprehensive and provide a clear answer to the user's query. They list the founding countries and the key event (the Belovezh Accords).

#### PRF Forecast:
- **Opportunity:** The results are already very precise and cover the user's intent well. There is little room for improvement in terms of adding new, relevant vocabulary.
- **Risk:** Applying PRF could introduce unnecessary terms or dilute the focus on the specific founding countries and the event. For example, adding terms like ""Soviet Union dissolution"" or ""Cold War"" might broaden the query beyond what the user is asking for.
- **Drift:** The results are consistent and focused, so there is no risk of drift or introducing irrelevant information.

#### Decision:
**NO**

### Explanation:
The top results are already highly relevant and provide a comprehensive answer to the user's query. Applying PRF in this case would be unnecessary and could potentially introduce noise or dilute the focus on the specific founding countries and the event. Therefore, it is best to avoid PRF in this scenario."
1106007,define visceral?,Neutral,0.5714285714285714,"### Analysis

#### User Intent:
The user is looking for a definition of the word ""visceral."" This is a straightforward request for a clear and concise explanation of the term.

#### Result Quality:
- **Relevance:** The top results are highly relevant and provide multiple definitions of ""visceral,"" including both the literal (relating to internal organs) and figurative (instinctive, emotional) meanings.
- **Coverage:** The top four documents provide comprehensive definitions, covering both the primary and secondary meanings of the term.
- **False Matches:** There are no false matches or irrelevant documents in the top results.
- **Consistency:** The definitions are consistent across the top documents, reinforcing the accuracy of the information.

#### PRF Forecast:
- **Saturation:** The top results already provide a complete and accurate definition of ""visceral."" The user's need is fully satisfied.
- **Risk of Hallucination:** Applying PRF in this scenario could introduce unnecessary or redundant terms, potentially diluting the clarity of the definition.
- **Drift:** There is no risk of drift, as the top results are all on topic and consistent.

#### Decision:
**NO**

### Explanation:
The top results are highly relevant, comprehensive, and consistent, providing a clear and complete definition of ""visceral."" Applying Pseudo-Relevance Feedback (PRF) in this case would be unnecessary and could introduce redundancy or dilute the focus on the core definition. Therefore, it is best to avoid PRF for this query."
1110199,what is wifi vs bluetooth,PRF-Benefit,0.6296296296296297,"### Analysis

#### User Intent:
The user is looking for a comparison between Wi-Fi and Bluetooth. Specifically, they want to understand the differences in terms of application, range, and possibly other technical aspects.

#### Result Quality:
- **Relevance:** The top results are generally relevant and provide a comparison between Wi-Fi and Bluetooth.
- **Coverage:** The documents cover various aspects such as range, application, and usage scenarios.
- **Consistency:** The information provided is consistent across the top results, with no significant contradictions.
- **False Matches:** There are no false matches or irrelevant documents in the top results.

#### PRF Forecast:
- **Saturation:** The top results already provide a comprehensive comparison, covering key aspects such as range, application, and usage scenarios. The user's query is well-addressed by the current results.
- **Drift:** The results are consistent and focused on the comparison between Wi-Fi and Bluetooth, with no risk of introducing irrelevant or noisy information.
- **Opportunity:** While the results are comprehensive, PRF could potentially add more specific technical terms or additional use cases that might enhance the user's understanding. However, the current results are already quite thorough.

### Decision:
**NO**

**Rationale:**
The top results already provide a comprehensive and accurate comparison between Wi-Fi and Bluetooth, covering the key aspects the user is likely interested in. Applying PRF in this scenario is unnecessary and could introduce redundant or overly detailed information, which might dilute the clarity of the existing results. The user's query is well-satisfied by the current retrieval, and PRF would not add significant value."
1112341,what is the daily life of thai people,PRF-Hurt,0.1071428571428571,"### Analysis

#### User Intent:
The user is looking for a broad overview of the daily life of Thai people. This includes cultural practices, social norms, and typical activities that characterize the everyday experience of living in Thailand.

#### Result Quality:
- **Relevance:** The top results are generally relevant, but they focus on different aspects of Thai daily life. Some documents discuss cultural values (e.g., ""JAI YEN"" and ""SANUK""), while others touch on economic and religious aspects (e.g., the life of Thai monks and work culture).
- **Coverage:** The results provide a good starting point but do not offer a comprehensive view. They are somewhat fragmented, with each document covering a specific aspect of daily life.
- **False Matches:** There are no clear false matches, but the second document about Thai monks is somewhat specialized and may not be representative of the general population's daily life.

#### PRF Forecast:
- **Opportunity:** PRF could help by extracting additional terms and phrases that are relevant to the broader topic of Thai daily life. For example, it could introduce terms like ""family structure,"" ""food culture,"" ""festivals,"" and ""work-life balance.""
- **Risk:** The risk of introducing noise is relatively low because the top results are generally on-topic, even if they are somewhat fragmented. PRF could help bridge the gaps between these different aspects of daily life.

#### Decision:
**YES**

### Explanation:
- **User Intent:** The user is seeking a broad understanding of Thai daily life, which includes various cultural, social, and economic aspects.
- **Result Quality:** The current results are relevant but incomplete, focusing on specific aspects rather than providing a comprehensive overview.
- **PRF Forecast:** PRF can help by adding more relevant terms and phrases that cover the broader topic, improving the recall and providing a more holistic view of Thai daily life. The risk of introducing irrelevant or misleading information is minimal given the quality of the current results."
1113437,what is physical description of spruce,Neutral,0.5643564356435643,"### Analysis

#### User Intent:
The user is looking for a detailed physical description of spruce trees. This includes characteristics such as size, shape, bark, needles, and cones.

#### Result Quality:
- **Relevance:** The top results are generally relevant and provide various aspects of the physical description of spruce trees.
- **Coverage:** The documents collectively cover multiple aspects of spruce trees, including their size, shape, bark, needles, and cones.
- **False Matches:** There are no significant false matches among the top results. However, some documents focus on specific types of spruce (e.g., white spruce, spruce pine), which may not fully represent all spruce species.

#### Check for ""Poison Pills"":
- No documents contain factually incorrect or dangerously misleading information. All documents are consistent with the general characteristics of spruce trees.

#### Check for Saturation:
- The top results provide a comprehensive overview of spruce trees, but they are somewhat fragmented. Each document covers different aspects, and none of them alone provides a complete physical description.

#### Check for Drift:
- The results are relevant and focused on spruce trees. There is no significant drift towards unrelated topics.

#### Identify Opportunity:
- **Incompleteness:** While the top results are relevant, they do not provide a single, comprehensive physical description. PRF could help by extracting and combining the relevant terms from multiple documents to create a more complete and detailed description.
- **Vagueness:** Some documents are vague and do not provide specific measurements or detailed descriptions. PRF could help by adding more precise and detailed terms.

### PRF Forecast:
**Positive**. PRF can extract and combine terms from the top documents to create a more comprehensive and detailed physical description of spruce trees. This would help in providing a more complete answer to the user's query.

### Decision:
YES"
1114646,what is famvir prescribed for,Neutral,0.5686274509803921,"### Analysis

#### User Intent:
The user is seeking a factoid: the specific conditions for which the drug Famvir (famciclovir) is prescribed. They are looking for a clear, concise list of medical indications.

#### Result Quality:
- **Relevance:** All top results are highly relevant and provide a consistent list of conditions for which Famvir is prescribed, including genital herpes, cold sores, shingles, and chickenpox.
- **Coverage:** The top results cover the entire intent of the query. Each document lists the primary conditions for which Famvir is used.
- **False Matches:** There are no false matches or irrelevant documents in the top results.
- **Saturation:** The top results are saturated with the necessary information. They provide a comprehensive and accurate list of conditions without any significant gaps.

#### PRF Forecast:
- **Opportunity for Improvement:** There is no clear opportunity for PRF to add value. The current results are already precise and cover the user's needs.
- **Risk of Hallucination:** Applying PRF could introduce unnecessary terms or dilute the focus on the specific conditions for which Famvir is prescribed. For example, adding terms like ""dosage"", ""side effects"", or ""mechanism of action"" might make the query more complex without addressing the user's primary need.
- **Risk of Drift:** Since the results are already highly relevant and focused, PRF could introduce noise or irrelevant terms, potentially leading to a less precise query.

#### Decision:
**NO**

### Explanation:
The top results are already highly relevant and provide a comprehensive list of conditions for which Famvir is prescribed. The user's intent is fully satisfied, and there is no need to risk introducing noise or irrelevant terms through PRF. Therefore, applying PRF in this scenario is unnecessary and potentially harmful."
1114819,what is durable medical equipment consist of,Neutral,0.5,"### Analysis

#### User Intent:
The user is looking for a detailed list of items that fall under the category of ""durable medical equipment"" (DME). They want to know what specific types of equipment are included in this category.

#### Result Quality:
- **Relevance:** The top four documents provide a general definition of DME and start to list some criteria for what qualifies as DME. However, they do not provide a comprehensive list of specific items.
- **Coverage:** The fifth document provides more concrete examples of DME, such as walking aids, transfer equipment, bath safety items, and wheelchairs.
- **False Matches:** There are no false matches or irrelevant documents in the top results.
- **Saturation:** The top results are relevant but do not fully satisfy the user's need for a detailed list of specific items.

#### PRF Forecast:
- **Opportunity:** PRF could help by extracting more specific terms and examples of DME from the fifth document and potentially from other relevant documents that were not in the top results. This would enhance the recall and provide a more comprehensive list of items.
- **Risk:** The risk of introducing irrelevant or incorrect terms is low, as the top results are generally consistent and relevant.

### Decision:
**YES**

**Rationale:**
The user is looking for a detailed list of items that constitute DME. While the top results provide a general definition and some criteria, they lack the specific examples that the user is seeking. The fifth document offers a starting point with some concrete examples, but PRF can help by extracting additional specific terms and examples from this and other relevant documents, thereby improving the recall and providing a more comprehensive answer to the user's query."
